Date,Ad_Spend,Website_Traffic,Discount_Rate,Average_Order_Value,Customer_Rating,Email_Campaigns,Competitor_Price_Index,Market_Sentiment,Sales
2025-01-01,1623.62,7172,0.05,82.2,4.2,5,89.9,58.1,13447.64
2025-01-02,3352.14,12679,0.1,46.68,4.5,5,85.6,53.0,17214.76
2025-01-03,2695.98,13889,0.05,73.49,4.8,4,104.6,53.7,16893.32
2025-01-04,2295.98,11362,0.05,83.12,4.8,4,95.0,63.3,20103.05
2025-01-05,968.06,4248,0.15,88.84,4.0,4,101.3,54.2,12660.27
2025-01-06,967.98,4905,0.25,62.1,4.5,2,99.8,63.2,9810.79
2025-01-07,674.25,3714,0.05,86.06,4.3,4,87.4,58.8,10232.75
2025-01-08,3098.53,13863,0.1,50.53,4.5,3,97.1,61.3,17050.56
2025-01-09,2303.35,10371,0.2,87.32,4.4,1,91.6,54.6,15688.1
2025-01-10,2624.22,10587,0.05,51.37,3.6,4,97.6,59.4,14150.47
2025-01-11,561.75,2486,0.05,64.86,4.2,1,91.1,55.9,10051.83
2025-01-12,3409.73,17108,0.15,84.86,4.4,2,110.2,63.5,24611.85
2025-01-13,2997.33,15075,0.25,52.5,3.9,1,90.2,66.9,17204.88
2025-01-14,1137.02,5490,0.2,56.46,4.5,2,113.8,60.3,9054.46
2025-01-15,1045.47,4781,0.1,81.11,3.8,3,97.5,76.9,10293.23
2025-01-16,1050.21,4757,0.2,81.0,4.1,2,110.4,68.8,10519.43
2025-01-17,1412.73,7064,0.1,77.06,4.7,2,103.9,68.3,12629.5
2025-01-18,2074.27,10614,0.25,79.7,4.0,5,107.1,72.4,19334.21
2025-01-19,1795.84,9092,0.1,72.14,4.5,4,108.0,64.9,16899.62
2025-01-20,1373.69,6859,0.15,57.59,3.8,4,100.1,70.3,10998.05
2025-01-21,2335.56,10998,0.15,62.28,4.9,3,101.3,66.1,15994.53
2025-01-22,918.48,3892,0.15,54.08,4.2,3,100.4,77.7,9219.62
2025-01-23,1376.43,5649,0.15,90.42,4.3,4,102.6,64.7,13030.61
2025-01-24,1599.09,8264,0.2,74.17,4.4,5,85.9,70.3,14167.81
2025-01-25,1868.21,8866,0.25,65.04,4.5,4,96.9,71.5,17775.47
2025-01-26,2855.53,10475,0.1,68.1,3.8,5,103.2,71.6,19203.78
2025-01-27,1099.02,4569,0.1,92.36,4.3,3,102.9,66.4,11635.26
2025-01-28,2042.7,9662,0.15,52.67,4.1,1,108.8,64.5,12579.98
2025-01-29,2277.24,8466,0.15,74.31,3.8,3,104.7,65.6,13248.38
2025-01-30,639.35,3002,0.05,70.29,4.6,3,114.8,70.5,9107.76
2025-01-31,2322.63,10624,0.25,75.57,4.2,2,93.5,66.5,14838.64
2025-02-01,1011.57,5172,0.2,45.91,4.4,2,95.8,70.4,11737.77
2025-02-02,695.15,3743,0.1,88.61,4.4,2,96.5,68.0,12592.77
2025-02-03,3346.66,13341,0.05,91.61,4.2,2,99.0,53.3,18923.75
2025-02-04,3396.9,16086,0.05,73.26,4.9,5,110.1,64.9,19527.95
2025-02-05,2925.19,11748,0.1,79.83,4.3,4,92.1,73.9,17242.35
2025-02-06,1413.84,6171,0.2,91.12,3.8,1,108.3,68.2,12206.71
2025-02-07,793.02,4151,0.05,80.36,4.2,3,97.2,62.5,9273.02
2025-02-08,2552.7,11932,0.05,52.63,4.4,5,103.1,53.8,18969.77
2025-02-09,1820.46,9250,0.25,73.81,4.5,1,104.0,60.2,17475.14
2025-02-10,866.11,4304,0.2,75.34,4.0,5,96.2,60.2,9945.77
2025-02-11,1985.53,9351,0.05,66.21,4.6,5,100.4,53.9,14147.85
2025-02-12,603.17,2595,0.2,81.82,3.8,3,97.4,55.4,8592.29
2025-02-13,3227.96,13457,0.1,91.72,4.6,4,87.1,60.0,18798.36
2025-02-14,1276.34,5591,0.15,91.28,3.9,2,98.1,46.8,10877.73
2025-02-15,2487.57,10196,0.05,67.54,4.2,4,87.9,44.4,17825.81
2025-02-16,1435.13,7680,0.25,50.66,4.6,3,97.2,51.7,14286.49
2025-02-17,2060.2,8988,0.1,94.24,4.3,3,102.8,49.1,14395.91
2025-02-18,2140.13,10853,0.2,86.94,4.5,3,102.4,50.6,15623.96
2025-02-19,1054.56,5100,0.1,51.23,4.5,1,104.9,47.0,8925.95
2025-02-20,3408.75,16502,0.05,91.04,4.7,4,87.9,40.0,18969.11
2025-02-21,2825.4,12451,0.2,88.49,4.6,4,104.6,43.7,17155.02
2025-02-22,3318.5,15084,0.15,70.94,4.2,5,94.4,34.5,21720.72
2025-02-23,3184.48,13984,0.1,74.56,4.5,5,97.0,37.8,21868.28
2025-02-24,2293.7,9117,0.05,64.95,3.8,5,110.7,40.4,12762.54
2025-02-25,3265.62,15436,0.25,47.74,4.3,3,85.3,35.0,17416.94
2025-02-26,765.48,3543,0.2,61.76,4.5,4,102.7,48.1,8745.14
2025-02-27,1087.95,4291,0.1,85.14,4.3,3,103.0,25.4,9494.1
2025-02-28,635.68,3258,0.1,45.23,4.4,1,96.9,31.2,6745.93
2025-03-01,1475.99,6082,0.15,61.67,4.2,5,92.1,28.5,13438.22
2025-03-02,1666.03,8706,0.15,64.91,4.6,3,92.0,28.9,15018.44
2025-03-03,1314.05,6929,0.25,71.87,4.3,3,111.5,28.6,10595.17
2025-03-04,2986.21,15003,0.25,90.99,4.2,1,98.3,24.6,17387.99
2025-03-05,1570.26,6891,0.05,62.32,4.6,2,94.9,34.6,10510.18
2025-03-06,1342.8,5086,0.05,62.35,3.9,4,98.5,27.7,8657.55
2025-03-07,2128.09,10771,0.25,81.88,4.5,2,105.1,31.0,13329.39
2025-03-08,922.77,4251,0.25,67.61,4.0,5,89.4,27.9,10650.66
2025-03-09,2906.59,14866,0.2,56.23,4.7,3,98.5,26.5,19728.84
2025-03-10,723.65,4110,0.15,67.62,4.2,1,102.6,38.4,8549.83
2025-03-11,3460.66,17188,0.05,52.04,4.3,1,113.5,34.8,17341.94
2025-03-12,2816.73,11688,0.15,53.82,4.4,4,92.6,21.1,14359.49
2025-03-13,1096.15,4954,0.15,69.92,3.7,2,95.8,20.9,8093.72
2025-03-14,516.57,2966,0.25,65.95,4.1,4,96.4,36.4,7658.28
2025-03-15,2946.38,12113,0.2,90.74,4.6,3,103.2,29.1,20519.13
2025-03-16,2620.57,10336,0.1,63.12,4.6,4,95.7,24.0,17565.22
2025-03-17,2687.02,12120,0.2,74.03,4.4,1,101.0,38.2,15489.67
2025-03-18,2813.81,14332,0.2,76.61,3.9,1,108.5,34.6,15702.4
2025-03-19,722.13,3699,0.15,45.65,4.5,5,106.2,35.9,7194.0
2025-03-20,1575.4,7413,0.2,78.18,4.5,5,98.4,39.6,12868.03
2025-03-21,847.61,3743,0.05,53.9,4.3,3,110.9,30.0,7238.89
2025-03-22,3089.31,14152,0.15,93.05,4.7,2,101.7,29.5,21900.98
2025-03-23,2369.89,12354,0.05,52.43,4.1,4,101.2,46.7,17667.88
2025-03-24,1492.69,6107,0.1,65.73,4.1,3,86.0,32.8,9950.16
2025-03-25,690.68,3414,0.15,49.27,3.6,5,114.6,35.1,6561.67
2025-03-26,1432.95,7424,0.1,94.84,4.6,4,88.7,37.4,13126.69
2025-03-27,1475.55,7305,0.15,70.11,4.4,5,91.9,54.2,12312.6
2025-03-28,2688.82,12732,0.25,74.77,3.8,4,86.6,47.6,17232.88
2025-03-29,2412.67,11409,0.2,48.35,3.8,2,104.2,51.3,17075.87
2025-03-30,3161.64,13273,0.25,82.5,4.0,3,91.7,48.9,22138.35
2025-03-31,1916.64,8102,0.1,55.5,4.5,4,90.4,46.3,12006.74
2025-04-01,858.78,4693,0.2,89.9,4.2,1,87.7,53.9,10296.61
2025-04-02,2639.73,13043,0.15,55.26,4.1,1,88.1,44.3,14616.29
2025-04-03,2782.36,14072,0.2,54.53,4.0,4,102.5,48.0,15116.96
2025-04-04,2183.83,11058,0.05,46.83,4.0,4,105.6,58.5,13766.74
2025-04-05,2812.9,12590,0.2,68.6,3.7,4,96.9,49.4,19663.0
2025-04-06,1981.39,8944,0.05,73.24,3.9,1,99.4,56.6,15729.06
2025-04-07,2068.2,10434,0.2,48.29,4.0,1,105.6,58.1,12862.44
2025-04-08,1782.62,8396,0.05,83.78,4.5,4,85.5,57.4,14107.97
2025-04-09,576.26,3040,0.1,67.66,4.3,5,94.7,51.5,8292.66
2025-04-10,823.67,4306,0.25,71.22,4.1,5,114.2,59.2,9661.56
2025-04-11,594.29,3161,0.15,67.04,5.0,2,102.4,59.3,9207.56
2025-04-12,2409.23,10101,0.2,65.04,4.1,3,92.6,65.3,18321.61
2025-04-13,1443.07,6288,0.25,72.98,4.7,5,100.7,65.9,15895.6
2025-04-14,2025.71,7891,0.15,52.76,4.8,1,95.3,68.1,12205.51
2025-04-15,3222.7,14609,0.15,54.1,3.8,5,101.0,63.6,16878.42
2025-04-16,1247.88,5122,0.05,88.09,4.3,2,88.8,70.3,11937.64
2025-04-17,1731.15,7863,0.1,92.31,4.1,2,89.0,60.5,12987.86
2025-04-18,2766.65,12378,0.1,63.67,4.1,3,89.3,59.7,16082.97
2025-04-19,1186.39,5072,0.25,58.54,4.5,5,113.2,57.6,12892.43
2025-04-20,730.94,3755,0.1,77.2,4.1,1,107.0,67.1,11215.19
2025-04-21,1369.25,5223,0.2,65.44,4.2,1,89.9,66.1,10399.95
2025-04-22,983.66,4181,0.1,46.27,4.2,4,90.7,73.9,9735.24
2025-04-23,3289.09,16188,0.25,52.81,4.2,1,106.9,66.8,18726.65
2025-04-24,2924.36,12268,0.1,80.8,3.9,3,89.7,71.3,17329.84
2025-04-25,2400.21,9187,0.2,77.95,4.5,3,92.0,73.8,15738.41
2025-04-26,3114.38,13975,0.05,46.35,4.6,1,113.9,66.1,20168.97
2025-04-27,2911.02,14039,0.25,56.1,4.4,1,92.7,70.7,20976.65
2025-04-28,1059.71,4676,0.05,56.55,4.2,4,104.8,73.7,9807.23
2025-04-29,3177.68,14431,0.05,78.59,4.1,1,114.4,62.0,17120.26
2025-04-30,2118.03,8124,0.05,45.99,4.1,4,96.2,67.7,11754.86
2025-05-01,2922.32,10955,0.15,50.21,5.0,4,85.5,63.4,16481.18
2025-05-02,3188.27,14205,0.15,85.0,4.6,1,92.3,60.2,18918.63
2025-05-03,1454.01,6723,0.05,53.93,4.0,2,109.9,57.5,12430.3
2025-05-04,830.16,4262,0.25,77.64,4.3,2,110.9,58.3,12297.19
2025-05-05,1183.81,5826,0.2,56.91,4.2,4,108.1,63.5,10832.56
2025-05-06,1781.32,9328,0.2,49.97,4.5,1,88.4,54.0,12514.73
2025-05-07,2954.04,13139,0.1,57.16,4.5,2,108.9,58.2,15647.85
2025-05-08,3082.19,12832,0.25,81.11,4.6,1,112.6,63.8,17569.59
2025-05-09,520.86,3015,0.15,87.78,4.0,1,103.0,60.7,9262.26
2025-05-10,2032.24,8326,0.05,86.51,4.3,1,113.2,54.6,16702.75
2025-05-11,1752.23,7633,0.1,64.86,3.8,5,109.8,64.3,15412.02
2025-05-12,1166.32,4847,0.2,78.4,3.9,1,105.0,64.0,10451.32
2025-05-13,859.6,3575,0.15,55.25,4.6,5,102.3,53.3,8560.07
2025-05-14,1512.85,7905,0.15,59.66,4.0,4,95.5,39.4,10893.41
2025-05-15,3328.73,16480,0.05,89.82,4.0,2,89.8,54.8,19536.83
2025-05-16,1469.61,7189,0.2,45.65,4.3,2,103.1,37.5,10292.68
2025-05-17,2056.37,9077,0.25,49.28,4.5,2,94.5,54.9,16612.28
2025-05-18,2609.06,10317,0.15,55.39,4.0,2,111.0,51.6,16725.12
2025-05-19,1590.89,6647,0.05,46.33,3.3,2,114.8,53.7,9360.7
2025-05-20,3415.35,13911,0.25,54.07,4.0,2,107.6,44.8,16979.49
2025-05-21,3387.34,15121,0.2,74.15,4.7,2,87.7,40.3,18097.62
2025-05-22,1255.35,6336,0.15,66.07,4.4,4,93.7,38.6,11223.64
2025-05-23,1991.75,9508,0.25,89.63,4.7,1,88.3,36.9,14974.2
2025-05-24,1402.63,6135,0.25,85.87,4.0,3,104.5,43.4,15213.48
2025-05-25,1354.52,7084,0.25,62.09,3.8,5,108.0,40.9,13393.82
2025-05-26,610.66,3382,0.15,57.97,4.4,3,112.8,36.9,7462.72
2025-05-27,2328.69,10693,0.15,63.98,4.4,3,98.1,31.7,14078.0
2025-05-28,2008.04,9195,0.1,74.51,4.4,1,112.0,47.5,13328.2
2025-05-29,654.44,3084,0.2,58.4,4.6,1,111.3,38.1,7755.17
2025-05-30,1335.94,5468,0.05,76.21,4.4,1,94.5,24.8,10035.46
2025-05-31,3224.8,13482,0.25,65.47,4.4,2,111.1,29.5,20297.08
2025-06-01,1218.69,6223,0.1,72.6,4.5,4,96.3,36.2,13852.95
2025-06-02,934.68,3942,0.05,66.81,4.5,2,93.9,27.0,7768.24
2025-06-03,1968.36,7739,0.1,59.72,4.6,4,104.5,32.4,11801.65
2025-06-04,3456.95,13001,0.15,92.42,4.6,4,94.9,35.1,18961.8
2025-06-05,1226.17,4728,0.25,83.18,4.8,3,103.9,13.2,9415.73
2025-06-06,2516.41,12366,0.05,52.01,4.1,3,103.3,29.5,13424.78
2025-06-07,2784.86,13181,0.05,88.42,4.4,4,101.9,29.7,21002.79
2025-06-08,1212.91,5646,0.05,69.37,4.2,4,96.4,28.0,12185.47
2025-06-09,2684.65,10287,0.05,89.73,4.0,2,101.5,31.8,14283.0
2025-06-10,1603.35,7087,0.05,84.99,4.1,2,102.9,33.8,11175.86
2025-06-11,2396.92,10583,0.1,66.26,4.4,3,101.4,31.6,13360.44
2025-06-12,2400.59,9395,0.25,46.12,4.4,1,98.3,29.5,12712.5
2025-06-13,2107.32,9314,0.15,58.43,4.4,4,85.4,35.1,12924.43
2025-06-14,770.87,3695,0.15,72.08,4.2,2,102.6,32.9,10853.85
2025-06-15,3005.91,13703,0.15,76.67,4.3,3,90.1,32.2,21048.35
2025-06-16,1462.34,6960,0.15,57.89,4.5,2,104.3,27.6,10072.36
2025-06-17,1059.56,4175,0.1,51.97,3.9,4,107.8,27.3,7400.07
2025-06-18,622.33,3022,0.2,86.75,4.3,4,100.0,29.4,8480.59
2025-06-19,2272.68,10683,0.25,94.22,4.3,5,101.3,38.5,15691.24
2025-06-20,2532.69,11177,0.05,71.28,4.5,1,113.5,37.8,15253.78
2025-06-21,549.76,3181,0.2,53.58,3.9,5,110.4,31.9,8317.28
2025-06-22,2036.28,9586,0.15,58.62,4.7,3,112.4,43.8,16216.42
2025-06-23,1179.49,4837,0.2,45.92,4.4,2,109.4,48.7,8820.35
2025-06-24,2435.52,9271,0.25,90.71,4.4,3,88.3,40.1,15545.47
2025-06-25,1023.1,4963,0.05,50.89,4.2,4,89.5,35.8,7962.43
2025-06-26,2572.81,9552,0.05,73.83,4.5,5,100.8,42.3,14769.92
2025-06-27,1660.21,7650,0.25,58.7,4.3,5,92.4,51.5,11950.7
2025-06-28,3310.19,16951,0.25,72.71,4.7,5,99.3,51.3,25076.49
2025-06-29,912.56,4485,0.15,77.57,3.9,3,96.8,45.4,11452.9
