Week,Digital_Ad_Spend,Retail_Partners,Price_USD,Tech_Hype_Score,Influencer_Reach_K,Consumer_Confidence,Weekly_Sales
Week-01,11860.52,103,310.21,71.8,224.4,82.7,160333.77
Week-02,2190.17,95,479.21,54.4,147.3,98.1,111821.42
Week-03,4694.15,52,690.87,88.8,242.3,66.3,94022.24
Week-04,11272.07,47,582.09,58.6,316.5,69.8,94071.19
Week-05,7026.06,27,455.39,61.0,555.5,107.6,84640.19
Week-06,10612.29,20,626.17,69.1,96.9,68.8,56019.02
Week-07,6510.51,56,415.01,83.6,207.9,88.4,111872.64
Week-08,7079.82,82,306.19,75.2,656.8,89.0,158694.19
Week-09,4062.83,41,681.18,70.0,160.2,84.5,59165.36
Week-10,5357.0,89,610.87,70.6,307.0,92.2,125323.61
Week-11,9870.35,40,680.15,65.5,698.5,71.5,99531.74
Week-12,7631.12,115,318.47,71.7,166.2,87.6,168528.24
Week-13,12065.93,54,717.56,35.0,112.1,78.6,73615.28
Week-14,13083.6,98,608.76,61.4,413.4,93.1,155909.23
Week-15,9041.4,24,580.7,67.9,276.8,67.1,73847.57
Week-16,11857.47,79,611.31,51.2,472.6,88.5,119694.81
Week-17,5989.76,65,731.22,69.6,652.9,69.3,114352.52
Week-18,7394.63,69,592.47,62.5,152.9,73.9,100860.54
Week-19,11266.11,67,589.48,86.1,485.5,70.9,139099.38
Week-20,7020.76,25,794.34,83.9,429.1,69.1,94229.56
Week-21,9650.56,108,677.37,59.4,158.1,101.3,131546.68
Week-22,4409.85,75,520.15,63.2,518.0,74.3,124099.45
Week-23,9797.03,78,652.7,64.1,255.2,106.4,124179.94
Week-24,13199.68,48,493.62,59.6,415.9,108.5,121672.27
Week-25,13292.32,90,413.44,67.3,111.7,88.6,146410.94
Week-26,11416.48,96,597.43,55.9,394.7,67.2,135103.92
Week-27,11694.79,37,763.09,51.4,279.8,78.7,73081.59
Week-28,9253.06,21,763.57,72.5,666.8,99.9,93010.51
Week-29,9600.69,27,469.95,72.6,92.7,78.4,73835.26
Week-30,3737.46,94,562.84,55.3,364.0,64.4,117847.96
Week-31,7770.17,116,404.82,75.7,393.8,87.8,169982.11
Week-32,7860.09,73,796.82,57.4,593.8,102.3,113337.3
Week-33,14460.47,57,789.56,68.0,480.7,99.8,121749.73
Week-34,7604.13,67,623.75,74.8,550.4,68.8,126226.55
Week-35,9141.45,46,701.21,64.6,632.8,93.6,104588.04
Week-36,8932.27,39,656.55,70.5,696.7,71.0,104285.62
Week-37,10277.9,31,595.58,58.8,285.4,70.9,73946.02
Week-38,11727.03,62,325.67,62.6,453.5,103.7,141647.87
Week-39,4925.54,80,526.38,62.5,680.1,72.5,130607.07
Week-40,8873.42,50,636.39,56.0,792.1,73.2,116331.8
Week-41,12736.93,110,637.77,62.9,717.1,60.0,165826.69
Week-42,8020.49,115,485.56,46.4,328.6,103.5,153623.33
Week-43,5619.95,80,769.85,59.1,196.4,99.6,103873.17
Week-44,10511.22,93,382.68,61.6,417.0,91.4,159016.5
Week-45,12708.98,86,549.18,61.9,606.2,97.5,152112.73
Week-46,2820.82,110,644.44,62.1,419.4,67.6,132997.7
Week-47,12098.28,54,647.57,64.3,412.4,82.9,110543.79
Week-48,12681.42,114,623.32,70.8,678.7,77.6,178644.45
Week-49,7999.8,34,436.64,75.5,321.1,64.7,92031.7
Week-50,14782.97,35,377.1,57.2,694.8,84.3,123222.36
Week-51,12227.21,32,616.97,50.6,355.1,106.0,89073.79
Week-52,12057.61,54,598.65,52.5,296.2,62.0,96098.93
