Date,Local_Footfall,Promo_Spend,Average_Meal_Price,Weather_Score,Special_Events,Delivery_Orders,Staff_On_Duty,Daily_Sales
2025-03-01,1005,92.1,22.01,74.3,0,77,7,10914.08
2025-03-02,971,116.94,37.89,57.5,0,278,6,16040.44
2025-03-03,1011,438.81,19.8,65.7,0,208,7,15182.16
2025-03-04,1186,141.39,18.05,74.9,1,69,9,13167.2
2025-03-05,1106,440.98,18.88,37.5,0,229,7,14760.17
2025-03-06,1581,262.77,24.84,90.1,0,64,10,15048.75
2025-03-07,374,104.32,30.66,57.5,0,151,3,9638.19
2025-03-08,1550,89.72,19.38,91.3,0,245,10,17306.04
2025-03-09,1566,133.55,18.11,75.9,1,224,9,18023.28
2025-03-10,727,420.25,36.74,79.4,0,86,5,12273.68
2025-03-11,994,215.66,34.44,87.2,0,267,5,16604.63
2025-03-12,958,208.17,34.18,78.6,0,78,7,11727.71
2025-03-13,628,175.28,35.69,80.1,0,55,3,9974.86
2025-03-14,895,108.82,32.0,67.5,1,61,6,11923.65
2025-03-15,367,245.14,20.09,75.6,1,252,3,13484.42
2025-03-16,717,102.02,25.98,61.2,0,188,7,11838.07
2025-03-17,1525,384.19,32.46,64.8,1,280,11,20896.81
2025-03-18,727,198.16,23.61,99.5,0,311,6,16148.12
2025-03-19,1527,199.92,31.75,57.9,0,98,12,14818.2
2025-03-20,1097,239.6,18.49,72.3,0,241,8,15029.12
2025-03-21,1620,227.65,24.12,71.7,0,71,11,14882.56
2025-03-22,1162,447.94,28.98,65.3,0,201,7,15927.23
2025-03-23,345,268.15,30.64,77.7,1,294,3,15232.42
2025-03-24,1313,85.28,29.54,78.8,0,293,8,17083.0
2025-03-25,367,292.75,31.96,56.1,1,48,3,10009.83
2025-03-26,976,110.63,18.12,71.5,0,178,8,12938.35
2025-03-27,1694,62.38,20.02,53.8,1,49,11,14097.66
2025-03-28,548,438.3,35.38,81.8,0,253,3,15364.03
2025-03-29,885,359.42,31.63,72.6,0,312,7,17289.2
2025-03-30,1395,442.04,20.26,71.2,0,87,10,14709.28
2025-03-31,1623,241.15,34.84,79.9,1,150,12,18028.21
2025-04-01,1306,262.9,22.84,65.9,0,192,7,15411.9
2025-04-02,687,117.33,27.57,83.7,1,162,7,13995.95
2025-04-03,1312,148.76,20.9,55.8,0,141,8,13320.05
2025-04-04,745,385.42,32.2,91.2,0,280,6,16962.43
2025-04-05,1378,192.47,31.34,61.7,1,230,12,18942.24
2025-04-06,1731,380.73,22.22,44.6,0,256,14,19203.71
2025-04-07,1382,333.61,35.27,65.1,0,90,8,14467.92
2025-04-08,1594,120.87,26.03,63.4,0,120,9,14407.45
2025-04-09,303,252.98,23.85,65.0,1,127,3,10505.31
2025-04-10,1376,320.95,21.05,73.5,0,233,9,16855.23
2025-04-11,1544,144.01,23.32,86.5,1,143,10,16572.44
2025-04-12,361,382.28,18.44,67.1,0,310,3,14223.2
2025-04-13,1607,267.93,29.67,59.6,1,135,11,17074.81
2025-04-14,685,116.1,34.84,53.1,1,237,5,14711.84
2025-04-15,1298,283.19,28.98,63.0,0,40,9,12619.24
2025-04-16,1501,449.89,22.39,41.7,0,206,11,17445.19
2025-04-17,1294,110.21,18.67,59.1,0,165,8,13576.12
2025-04-18,438,376.7,22.29,88.7,0,120,4,11049.0
2025-04-19,1194,132.92,26.32,57.6,0,290,9,16977.28
2025-04-20,1124,362.96,33.19,79.4,0,208,8,16888.74
2025-04-21,1650,343.83,21.76,51.6,0,112,10,15054.75
2025-04-22,906,170.2,32.4,96.6,0,180,8,14484.41
2025-04-23,782,180.33,35.34,97.6,0,109,5,12146.22
2025-04-24,1425,367.01,27.08,78.9,0,301,10,20168.42
2025-04-25,919,234.58,34.43,99.9,1,284,6,18706.18
2025-04-26,1269,342.33,29.09,75.3,0,42,9,13098.45
2025-04-27,1270,109.19,30.74,81.5,0,102,9,14196.65
2025-04-28,1632,391.02,28.53,88.9,0,88,8,15832.04
2025-04-29,1198,334.35,27.26,72.7,1,115,9,15607.45
2025-04-30,1053,412.78,22.69,46.7,1,214,9,16439.39
2025-05-01,508,102.95,24.06,81.8,1,148,4,11929.42
2025-05-02,474,287.21,23.8,62.9,1,222,3,13532.92
2025-05-03,531,289.65,29.27,64.0,0,231,4,13115.11
2025-05-04,558,191.38,20.4,74.5,1,104,5,11422.13
2025-05-05,1257,233.39,36.34,78.5,0,310,9,19229.3
2025-05-06,1411,65.19,32.41,72.3,0,139,9,15015.48
2025-05-07,1095,348.34,26.03,79.5,1,71,7,13996.33
2025-05-08,1544,269.73,21.17,59.4,0,167,10,15606.76
2025-05-09,1787,73.1,35.64,69.4,0,82,13,16129.13
2025-05-10,1530,322.3,34.48,82.7,0,117,9,16135.42
2025-05-11,1342,236.71,32.43,96.6,0,309,9,19657.07
2025-05-12,1099,63.78,23.43,100.0,0,201,9,15196.96
2025-05-13,973,437.84,26.05,76.5,0,228,8,16248.31
2025-05-14,427,429.64,20.05,82.6,0,286,3,14564.98
2025-05-15,899,255.16,21.78,99.7,0,255,5,15825.27
2025-05-16,1665,87.47,33.66,59.9,1,207,11,18529.29
2025-05-17,1512,351.85,32.3,79.4,0,232,11,19269.55
2025-05-18,624,246.77,29.87,81.5,0,52,3,9714.87
2025-05-19,1000,170.98,35.91,91.7,1,279,7,18417.36
2025-05-20,1525,246.57,29.67,52.9,1,186,10,17577.8
2025-05-21,401,258.98,27.34,55.9,0,243,4,12364.21
2025-05-22,881,275.08,24.81,70.3,0,119,4,12153.04
2025-05-23,1578,226.49,36.81,75.7,1,82,11,17465.46
2025-05-24,906,292.3,19.65,86.8,1,128,6,13744.05
2025-05-25,416,417.49,36.62,77.8,0,187,4,13477.94
2025-05-26,1114,194.91,34.53,67.7,0,134,8,13855.53
2025-05-27,1593,340.29,20.6,76.2,0,190,10,17203.6
2025-05-28,1185,407.78,29.3,74.5,0,41,9,13476.08
2025-05-29,639,232.39,35.33,96.2,0,61,4,10580.35
2025-05-30,876,227.38,29.44,72.5,0,46,7,10538.11
2025-05-31,975,290.85,36.14,64.3,0,245,6,15951.16
2025-06-01,1169,286.56,36.86,76.7,0,153,9,15641.78
2025-06-02,1439,372.64,26.45,73.0,0,311,10,19834.82
2025-06-03,448,240.59,25.55,46.4,1,122,6,11209.63
2025-06-04,1634,448.45,36.73,69.8,0,218,11,19480.38
2025-06-05,318,73.79,31.5,68.5,0,249,3,12204.62
2025-06-06,855,51.27,20.32,61.8,1,163,5,11939.08
2025-06-07,341,306.08,18.85,85.5,0,152,3,10351.45
2025-06-08,889,169.37,29.29,58.2,0,51,3,9799.31
2025-06-09,1089,146.15,36.6,76.8,0,165,8,14857.19
2025-06-10,1068,174.76,34.88,67.8,0,92,8,13149.09
2025-06-11,548,152.42,31.52,71.6,1,179,4,12879.95
2025-06-12,1269,62.32,20.78,76.2,0,136,7,13543.99
2025-06-13,367,438.61,23.08,50.4,0,44,3,8102.43
2025-06-14,1443,138.3,35.51,72.9,0,96,7,14123.28
2025-06-15,1720,343.61,21.66,100.0,0,108,12,17008.05
2025-06-16,810,355.04,23.57,46.6,1,157,4,13269.22
2025-06-17,1076,421.7,20.59,69.1,0,98,7,13209.82
2025-06-18,868,62.22,31.52,86.8,0,72,6,10964.12
2025-06-19,310,398.82,36.88,74.5,0,89,4,10374.19
2025-06-20,879,260.89,23.38,80.3,0,58,6,11201.87
2025-06-21,1488,303.02,27.51,34.4,0,253,11,17397.85
2025-06-22,1194,307.79,30.69,79.0,0,236,9,17203.06
2025-06-23,452,377.92,37.99,58.6,0,86,4,10114.99
2025-06-24,1571,183.36,20.1,74.6,0,206,10,17198.18
2025-06-25,1097,343.22,27.97,69.6,0,180,9,15577.45
2025-06-26,1563,261.43,25.7,100.0,0,123,8,16600.02
2025-06-27,1170,367.36,35.32,78.2,0,221,9,17587.33
2025-06-28,1140,446.22,27.52,68.3,1,118,7,15064.45
