Month,Marketing_Budget,Sales_Reps,Product_Demos,Inbound_Leads,Churn_Rate_Pct,Content_Downloads,NPS_Score,Monthly_Revenue
2023-01,4543.85,4,80,184,3.77,1342,53.7,61134.78
2023-02,9325.79,3,54,408,2.59,737,56.5,83389.76
2023-03,10084.57,4,68,603,2.45,1737,49.7,87187.69
2023-04,9445.67,4,48,424,2.34,1498,45.2,74626.95
2023-05,10128.2,6,72,483,2.89,1295,44.1,88460.43
2023-06,9890.08,5,65,676,2.78,2074,48.5,99415.2
2023-07,13788.22,5,85,783,3.0,1330,46.3,104210.33
2023-08,14723.32,5,85,921,2.19,688,50.2,124889.55
2023-09,12852.85,7,91,729,2.67,1123,59.8,123403.43
2023-10,14132.96,8,96,800,2.23,2353,49.7,122495.35
2023-11,15619.35,5,105,669,1.97,1489,49.7,117576.86
2023-12,19892.01,6,96,1001,2.48,882,51.9,145811.1
2024-01,18074.83,7,112,876,2.04,1335,49.6,134638.36
2024-02,16613.45,8,104,859,3.09,555,51.6,132947.55
2024-03,19255.67,9,153,1231,2.07,1470,55.2,171339.07
2024-04,17506.39,8,160,896,2.68,2358,57.3,151586.2
2024-05,21419.84,8,104,1147,2.2,2083,58.0,168312.69
2024-06,23627.61,9,189,1227,2.64,523,64.3,192339.69
2024-07,24405.4,9,117,1045,2.24,2448,55.4,172263.6
2024-08,23759.48,11,154,1265,1.87,1367,65.4,202833.05
2024-09,22553.45,11,198,1034,2.74,1254,47.3,175434.36
2024-10,22248.65,11,187,1015,2.38,1039,64.5,186973.54
2024-11,22871.12,11,209,979,2.64,2002,49.7,176252.23
2024-12,21533.53,14,266,1092,2.29,841,50.3,200737.8
2025-01,27555.07,11,187,1728,1.84,2344,51.3,223058.17
2025-02,27131.46,13,273,1310,3.04,2238,50.7,218342.73
2025-03,29420.97,11,154,1453,2.87,2229,52.5,201474.97
2025-04,30970.62,12,168,1836,2.22,932,48.5,224199.91
2025-05,29749.86,13,156,1365,2.53,1736,57.0,212140.26
2025-06,30590.37,15,270,2047,3.02,1348,48.7,260710.2
2025-07,30446.38,14,224,1693,2.27,2419,55.9,243047.52
2025-08,31395.16,14,210,1677,2.35,859,61.2,246869.84
2025-09,33778.42,15,315,1916,2.62,950,49.9,265321.72
2025-10,33195.58,15,225,1493,2.27,792,56.8,239040.93
2025-11,33750.06,15,225,1971,2.93,2187,55.4,268946.47
2025-12,34972.52,15,255,1780,2.42,1244,65.5,269968.18
